Date,Store,Department,Category,Product_ID,Sales,Inventory,Price,Promotion,Holiday,Demand_Forecast,Reorder_Level
1/1/2023,Store_C,Electronics,Tech,P1000,377,328,9.88,0,0,415,278
1/2/2023,Store_A,Grocery,Food,P1001,329,278,120.15,0,0,345,56
1/3/2023,Store_E,Home,Tech,P1002,337,507,144.62,1,1,385,51
1/4/2023,Store_C,Clothing,Tech,P1003,438,426,141.14,0,1,407,147
1/5/2023,Store_E,Clothing,Food,P1004,99,835,170.26,1,0,118,146
1/6/2023,Store_E,Clothing,Fitness,P1005,90,1230,62.17,0,0,82,108
1/7/2023,Store_B,Grocery,Furniture,P1006,445,692,197.12,1,1,485,143
1/8/2023,Store_C,Grocery,Fitness,P1007,133,858,74.28,0,0,126,147
1/9/2023,Store_B,Clothing,Food,P1008,188,1410,139.19,0,0,214,152
1/10/2023,Store_E,Clothing,Tech,P1009,187,235,46.14,1,1,217,214
1/11/2023,Store_B,Sports,Fitness,P1010,284,392,56.65,1,1,332,152
1/12/2023,Store_B,Sports,Furniture,P1011,235,549,199.48,0,0,272,89
1/13/2023,Store_D,Sports,Food,P1012,371,427,159.46,1,1,400,169
1/14/2023,Store_A,Grocery,Fitness,P1013,320,614,194.36,1,1,298,161
1/15/2023,Store_C,Sports,Tech,P1014,130,1029,5.63,0,1,149,179
1/16/2023,Store_B,Sports,Fitness,P1015,361,507,34.8,0,1,377,78
1/17/2023,Store_B,Sports,Food,P1016,235,729,51.69,0,1,269,300
1/18/2023,Store_B,Home,Fitness,P1017,439,1190,154.34,0,1,464,205
1/19/2023,Store_B,Clothing,Furniture,P1018,266,533,186.14,1,1,311,165
1/20/2023,Store_C,Grocery,Fitness,P1019,111,607,48.82,0,0,100,231
1/21/2023,Store_A,Clothing,Food,P1020,373,220,49.64,0,1,410,104
1/22/2023,Store_E,Sports,Furniture,P1021,326,370,146.05,0,1,372,98
1/23/2023,Store_C,Home,Furniture,P1022,98,298,133.5,1,0,107,215
1/24/2023,Store_C,Grocery,Tech,P1023,100,224,83.51,0,0,106,85
1/25/2023,Store_B,Grocery,Furniture,P1024,266,475,59.32,0,0,291,188
1/26/2023,Store_B,Electronics,Furniture,P1025,478,130,193.95,1,1,460,152
1/27/2023,Store_D,Clothing,Furniture,P1026,80,437,78.9,1,1,88,237
1/28/2023,Store_D,Electronics,Tech,P1027,451,1238,134.06,1,0,536,198
1/29/2023,Store_C,Grocery,Food,P1028,426,1210,16.89,1,0,390,180
1/30/2023,Store_A,Electronics,Furniture,P1029,91,480,18.36,0,0,97,60
1/31/2023,Store_E,Sports,Fitness,P1030,367,267,86.75,1,1,352,233
2/1/2023,Store_B,Clothing,Furniture,P1031,210,588,56.79,1,0,189,209
2/2/2023,Store_B,Sports,Fashion,P1032,338,304,19.29,0,1,393,275
2/3/2023,Store_D,Sports,Fashion,P1033,175,856,60.57,0,1,206,76
2/4/2023,Store_A,Sports,Tech,P1034,499,375,56.57,1,1,539,233
2/5/2023,Store_C,Sports,Furniture,P1035,225,516,139.06,1,0,208,158
2/6/2023,Store_C,Electronics,Fashion,P1036,474,666,13.6,0,1,505,159
2/7/2023,Store_B,Sports,Food,P1037,337,119,26.82,1,0,346,60
2/8/2023,Store_A,Clothing,Tech,P1038,207,846,180.3,0,0,208,193
2/9/2023,Store_B,Electronics,Tech,P1039,497,932,194.9,0,1,450,238
2/10/2023,Store_B,Clothing,Tech,P1040,220,943,161.44,0,1,255,269
2/11/2023,Store_D,Clothing,Fashion,P1041,290,555,43.92,0,0,263,99
2/12/2023,Store_A,Clothing,Fashion,P1042,254,772,59.33,1,1,300,79
2/13/2023,Store_C,Grocery,Food,P1043,499,634,39.82,1,1,558,130
2/14/2023,Store_A,Home,Fitness,P1044,273,1341,196.93,0,1,249,161
2/15/2023,Store_E,Electronics,Fashion,P1045,50,1164,185.49,1,0,59,285
2/16/2023,Store_A,Clothing,Fitness,P1046,219,1376,66.21,1,1,218,228
2/17/2023,Store_D,Home,Tech,P1047,201,1235,29.82,1,1,213,50
2/18/2023,Store_E,Sports,Fashion,P1048,205,687,45.99,1,1,211,104
2/19/2023,Store_B,Grocery,Fashion,P1049,311,1069,159.78,1,0,356,242
2/20/2023,Store_B,Electronics,Food,P1050,170,1477,65.53,0,0,203,206
2/21/2023,Store_E,Electronics,Furniture,P1051,485,249,93.81,1,1,471,217
2/22/2023,Store_A,Home,Tech,P1052,402,111,179.07,0,1,367,113
2/23/2023,Store_D,Sports,Fitness,P1053,484,348,94.01,1,1,524,234
2/24/2023,Store_E,Home,Tech,P1054,308,973,166.96,1,1,301,113
2/25/2023,Store_E,Home,Tech,P1055,480,1405,59.08,1,1,443,123
2/26/2023,Store_E,Grocery,Tech,P1056,170,656,70.49,0,0,172,89
2/27/2023,Store_D,Clothing,Fitness,P1057,411,538,17.52,1,1,377,263
2/28/2023,Store_E,Grocery,Fitness,P1058,265,897,181.44,1,1,238,140
3/1/2023,Store_D,Sports,Fitness,P1059,202,898,171.42,0,1,195,161
3/2/2023,Store_D,Electronics,Furniture,P1060,298,159,80.83,0,0,349,201
3/3/2023,Store_D,Electronics,Furniture,P1061,338,1457,10.28,0,0,330,133
3/4/2023,Store_D,Clothing,Furniture,P1062,158,1031,68.73,1,0,164,241
3/5/2023,Store_C,Electronics,Food,P1063,326,206,199.98,0,0,386,101
3/6/2023,Store_B,Electronics,Furniture,P1064,479,141,126.16,0,0,497,115
3/7/2023,Store_E,Grocery,Tech,P1065,442,855,37.72,1,0,474,287
3/8/2023,Store_D,Home,Tech,P1066,209,1279,137.08,0,0,194,247
3/9/2023,Store_E,Grocery,Fashion,P1067,204,1329,162.08,1,1,187,215
3/10/2023,Store_D,Grocery,Furniture,P1068,224,125,170.67,1,1,249,161
3/11/2023,Store_C,Sports,Fitness,P1069,140,1168,193.27,1,1,144,237
3/12/2023,Store_B,Grocery,Fashion,P1070,353,649,67.85,1,0,397,195
3/13/2023,Store_A,Home,Fashion,P1071,362,1468,78.9,0,1,348,254
3/14/2023,Store_E,Clothing,Fitness,P1072,182,797,59.53,0,0,168,234
3/15/2023,Store_B,Home,Furniture,P1073,258,1100,113.26,1,0,239,106
3/16/2023,Store_E,Clothing,Furniture,P1074,257,598,64.71,1,1,308,190
3/17/2023,Store_C,Clothing,Fashion,P1075,219,820,142.06,0,0,244,130
3/18/2023,Store_B,Electronics,Tech,P1076,111,1197,190.42,1,1,124,300
3/19/2023,Store_A,Electronics,Fashion,P1077,439,1174,121.37,0,1,418,53
3/20/2023,Store_A,Grocery,Fitness,P1078,412,1193,29.68,1,0,449,242
3/21/2023,Store_E,Clothing,Furniture,P1079,301,310,175.18,1,1,301,297
3/22/2023,Store_D,Grocery,Food,P1080,76,617,188.51,1,1,70,211
3/23/2023,Store_E,Clothing,Food,P1081,401,209,34.59,0,0,428,156
3/24/2023,Store_B,Sports,Furniture,P1082,360,1320,159.19,1,1,356,200
3/25/2023,Store_A,Sports,Food,P1083,269,725,115.88,0,0,263,70
3/26/2023,Store_A,Electronics,Food,P1084,130,591,38.89,1,1,143,170
3/27/2023,Store_C,Home,Food,P1085,199,166,50.14,0,1,226,210
3/28/2023,Store_B,Home,Food,P1086,351,1454,161.76,0,0,411,261
3/29/2023,Store_C,Sports,Fitness,P1087,122,246,16.63,1,1,114,226
3/30/2023,Store_E,Sports,Furniture,P1088,205,924,188.82,1,0,221,277
3/31/2023,Store_A,Grocery,Tech,P1089,271,760,122.72,0,1,290,245
4/1/2023,Store_D,Clothing,Tech,P1090,437,458,96.75,1,1,520,170
4/2/2023,Store_A,Electronics,Fashion,P1091,228,936,70,1,1,224,291
4/3/2023,Store_A,Clothing,Fashion,P1092,255,1226,12.16,1,0,303,153
4/4/2023,Store_A,Sports,Furniture,P1093,492,1153,165.86,1,0,470,142
4/5/2023,Store_A,Electronics,Fashion,P1094,368,1120,126.95,0,1,379,228
4/6/2023,Store_E,Electronics,Tech,P1095,298,348,10.63,1,0,317,73
4/7/2023,Store_A,Electronics,Furniture,P1096,165,332,94.98,1,1,169,173
4/8/2023,Store_B,Home,Tech,P1097,291,599,94.07,0,0,286,252
4/9/2023,Store_E,Clothing,Food,P1098,487,949,71.28,1,1,560,198
4/10/2023,Store_D,Sports,Furniture,P1099,387,1102,173.73,1,1,412,189
4/11/2023,Store_B,Electronics,Fitness,P1100,243,1032,186.91,1,0,281,155
4/12/2023,Store_D,Home,Tech,P1101,72,751,150.22,1,0,67,297
4/13/2023,Store_D,Grocery,Fitness,P1102,352,779,174.59,1,0,393,154
4/14/2023,Store_A,Home,Fashion,P1103,495,1440,194.14,1,1,542,268
4/15/2023,Store_D,Clothing,Furniture,P1104,218,1481,172.57,0,0,211,225
4/16/2023,Store_D,Grocery,Food,P1105,197,565,150.62,1,0,218,281
4/17/2023,Store_A,Clothing,Fashion,P1106,64,194,68.25,1,1,60,185
4/18/2023,Store_B,Electronics,Tech,P1107,260,1259,137.95,0,1,282,111
4/19/2023,Store_D,Clothing,Furniture,P1108,304,1294,32.91,1,0,355,169
4/20/2023,Store_A,Home,Fashion,P1109,197,1487,111.59,1,1,218,166
4/21/2023,Store_D,Home,Food,P1110,482,718,43.85,0,1,516,197
4/22/2023,Store_D,Clothing,Food,P1111,201,704,9.28,0,1,231,281
4/23/2023,Store_C,Electronics,Tech,P1112,196,571,123.38,1,0,213,281
4/24/2023,Store_D,Grocery,Fitness,P1113,371,1423,12.69,1,0,343,125
4/25/2023,Store_B,Sports,Fashion,P1114,217,950,39.25,1,0,212,261
4/26/2023,Store_C,Grocery,Furniture,P1115,296,704,150.58,0,0,333,107
4/27/2023,Store_D,Sports,Fashion,P1116,490,1485,146.22,0,1,443,187
4/28/2023,Store_C,Sports,Furniture,P1117,113,1031,76.87,1,0,124,170
4/29/2023,Store_E,Clothing,Fitness,P1118,62,1368,177.43,0,0,67,168
4/30/2023,Store_A,Electronics,Food,P1119,408,718,131.6,0,1,489,79
5/1/2023,Store_B,Home,Furniture,P1120,99,580,178.02,1,1,106,236
5/2/2023,Store_D,Sports,Furniture,P1121,129,949,132.71,1,0,142,105
5/3/2023,Store_C,Grocery,Fashion,P1122,277,1010,190.36,1,0,282,98
5/4/2023,Store_B,Sports,Food,P1123,112,1031,22.88,0,1,108,82
5/5/2023,Store_E,Electronics,Fitness,P1124,452,1256,45.02,0,0,451,87
5/6/2023,Store_B,Electronics,Fitness,P1125,453,1320,5.55,1,0,422,271
5/7/2023,Store_B,Sports,Fashion,P1126,63,369,7.9,0,0,61,82
5/8/2023,Store_A,Home,Furniture,P1127,429,962,107.59,1,0,444,106
5/9/2023,Store_E,Clothing,Furniture,P1128,364,188,146.81,0,0,436,266
5/10/2023,Store_D,Home,Food,P1129,255,973,138.79,0,1,276,66
5/11/2023,Store_E,Sports,Fashion,P1130,114,663,126.74,1,1,118,204
5/12/2023,Store_A,Sports,Tech,P1131,270,303,159.65,1,1,314,155
5/13/2023,Store_A,Clothing,Furniture,P1132,223,1028,82.75,1,1,225,89
5/14/2023,Store_A,Grocery,Furniture,P1133,401,1071,18.09,0,1,458,192
5/15/2023,Store_E,Clothing,Food,P1134,80,1301,191.54,1,1,92,290
5/16/2023,Store_A,Clothing,Fitness,P1135,434,966,174.28,1,1,404,179
5/17/2023,Store_B,Grocery,Fashion,P1136,158,416,133.06,1,0,178,196
5/18/2023,Store_E,Sports,Fitness,P1137,165,978,169.81,0,1,149,119
5/19/2023,Store_C,Grocery,Tech,P1138,409,732,184.7,0,1,376,239
5/20/2023,Store_E,Electronics,Furniture,P1139,374,162,22.89,1,1,374,144
5/21/2023,Store_E,Sports,Food,P1140,209,764,156.48,0,0,197,208
5/22/2023,Store_D,Home,Furniture,P1141,75,1480,20.91,1,1,73,243
5/23/2023,Store_A,Clothing,Fitness,P1142,312,333,72.31,1,1,285,151
5/24/2023,Store_C,Electronics,Tech,P1143,356,212,6.5,1,1,355,51
5/25/2023,Store_D,Sports,Tech,P1144,304,981,39.26,1,0,309,239
5/26/2023,Store_A,Clothing,Fitness,P1145,71,993,8.65,1,1,79,156
5/27/2023,Store_C,Electronics,Fitness,P1146,198,335,83.98,1,1,183,266
5/28/2023,Store_D,Sports,Food,P1147,104,598,89.96,1,1,116,106
5/29/2023,Store_A,Sports,Fitness,P1148,220,444,19.89,0,1,221,295
5/30/2023,Store_B,Grocery,Tech,P1149,469,1421,163.93,1,0,446,89
5/31/2023,Store_D,Home,Fitness,P1150,439,1442,19.69,1,1,508,210
6/1/2023,Store_D,Home,Fashion,P1151,211,409,90.75,1,0,212,68
6/2/2023,Store_A,Clothing,Fashion,P1152,208,1045,93.12,0,0,225,179
6/3/2023,Store_A,Home,Fitness,P1153,246,1047,118.16,0,1,266,178
6/4/2023,Store_C,Grocery,Fitness,P1154,127,226,92.85,0,0,123,162
6/5/2023,Store_B,Clothing,Fashion,P1155,274,1173,106.94,1,1,280,136
6/6/2023,Store_C,Grocery,Fashion,P1156,397,1324,15.21,0,1,391,235
6/7/2023,Store_E,Electronics,Fashion,P1157,486,1444,193.06,0,0,571,129
6/8/2023,Store_E,Grocery,Fashion,P1158,385,1456,81.43,1,1,440,221
6/9/2023,Store_D,Sports,Fashion,P1159,409,1178,23.22,0,1,405,293
6/10/2023,Store_D,Electronics,Tech,P1160,159,799,189.8,0,0,146,266
6/11/2023,Store_E,Sports,Food,P1161,453,307,104,1,0,488,89
6/12/2023,Store_E,Electronics,Furniture,P1162,133,470,167.11,0,1,134,234
6/13/2023,Store_D,Electronics,Fitness,P1163,171,1009,124.07,0,1,203,250
6/14/2023,Store_E,Home,Furniture,P1164,290,497,76.73,1,1,304,157
6/15/2023,Store_B,Clothing,Food,P1165,132,508,161.25,1,1,140,76
6/16/2023,Store_C,Grocery,Tech,P1166,414,1156,170.98,1,1,485,87
6/17/2023,Store_B,Home,Fashion,P1167,475,995,22.88,0,1,435,178
6/18/2023,Store_A,Clothing,Tech,P1168,241,582,80.3,0,1,284,264
6/19/2023,Store_B,Electronics,Food,P1169,415,1431,70.38,1,1,460,85
6/20/2023,Store_A,Grocery,Food,P1170,438,1060,92.48,1,0,503,190
6/21/2023,Store_A,Clothing,Tech,P1171,422,1346,107.92,1,0,385,157
6/22/2023,Store_A,Home,Fitness,P1172,377,1375,94.14,0,0,420,124
6/23/2023,Store_B,Sports,Furniture,P1173,269,103,124.89,0,0,284,142
6/24/2023,Store_E,Sports,Food,P1174,84,1177,111.1,1,1,76,149
6/25/2023,Store_C,Grocery,Fashion,P1175,241,619,150.73,0,0,272,238
6/26/2023,Store_C,Sports,Fashion,P1176,437,780,31.01,0,1,521,172
6/27/2023,Store_A,Home,Food,P1177,373,473,163.24,1,0,340,101
6/28/2023,Store_E,Home,Fitness,P1178,71,746,187.01,1,1,64,215
6/29/2023,Store_A,Clothing,Fashion,P1179,147,685,74.61,0,1,151,152
6/30/2023,Store_D,Clothing,Tech,P1180,430,1000,179.45,1,1,434,254
7/1/2023,Store_D,Grocery,Furniture,P1181,315,646,161.22,0,1,313,70
7/2/2023,Store_D,Sports,Furniture,P1182,217,1453,62.65,0,1,218,60
7/3/2023,Store_D,Clothing,Food,P1183,422,822,124.9,0,1,425,255
7/4/2023,Store_A,Electronics,Fitness,P1184,433,1491,36.2,1,0,406,110
7/5/2023,Store_D,Sports,Food,P1185,448,1421,76.43,0,1,530,145
7/6/2023,Store_E,Clothing,Furniture,P1186,277,257,116.91,1,1,270,79
7/7/2023,Store_D,Sports,Food,P1187,63,481,102.31,1,1,70,104
7/8/2023,Store_D,Electronics,Food,P1188,363,684,140.33,0,0,375,280
7/9/2023,Store_C,Clothing,Food,P1189,415,1011,199.47,1,1,479,232
7/10/2023,Store_C,Sports,Tech,P1190,413,1406,38.95,0,0,469,110
7/11/2023,Store_E,Sports,Fashion,P1191,454,1111,10.13,1,0,491,72
7/12/2023,Store_D,Sports,Furniture,P1192,83,733,82.64,1,0,77,131
7/13/2023,Store_E,Clothing,Tech,P1193,378,251,92.75,0,0,389,283
7/14/2023,Store_E,Electronics,Fashion,P1194,494,213,167.12,0,0,492,231
7/15/2023,Store_E,Clothing,Food,P1195,165,808,189.76,1,0,179,191
7/16/2023,Store_E,Sports,Food,P1196,190,356,126.88,0,0,180,209
7/17/2023,Store_E,Grocery,Food,P1197,418,1339,70.84,0,0,495,247
7/18/2023,Store_E,Home,Fitness,P1198,345,642,131.97,0,1,402,189
7/19/2023,Store_D,Electronics,Furniture,P1199,198,1414,191.55,1,1,182,65
7/20/2023,Store_D,Electronics,Fashion,P1200,130,1000,86.05,0,1,150,131
7/21/2023,Store_B,Clothing,Fitness,P1201,425,807,195.2,0,1,413,81
7/22/2023,Store_A,Grocery,Fashion,P1202,186,1020,53.34,1,1,181,271
7/23/2023,Store_C,Electronics,Tech,P1203,131,770,187.08,1,1,137,128
7/24/2023,Store_D,Sports,Furniture,P1204,304,147,22.56,0,0,326,62
7/25/2023,Store_D,Clothing,Fitness,P1205,75,676,101.5,0,0,77,275
7/26/2023,Store_C,Grocery,Furniture,P1206,185,849,153.95,0,0,186,123
7/27/2023,Store_E,Clothing,Fitness,P1207,87,891,103.33,0,0,103,150
7/28/2023,Store_C,Electronics,Tech,P1208,241,794,113.78,1,0,220,85
7/29/2023,Store_E,Home,Tech,P1209,415,782,161.77,0,1,489,131
7/30/2023,Store_C,Sports,Fashion,P1210,133,904,198.17,1,1,138,54
7/31/2023,Store_D,Sports,Fashion,P1211,238,778,136.39,0,1,233,217
8/1/2023,Store_A,Sports,Furniture,P1212,450,1284,117.64,0,1,424,224
8/2/2023,Store_A,Electronics,Food,P1213,174,164,116.65,1,1,178,155
8/3/2023,Store_E,Home,Food,P1214,403,517,85.02,0,0,430,219
8/4/2023,Store_B,Home,Fitness,P1215,294,1176,78.48,1,1,324,272
8/5/2023,Store_C,Sports,Furniture,P1216,419,1494,130.45,0,0,412,126
8/6/2023,Store_B,Home,Fashion,P1217,165,709,155.38,1,1,176,289
8/7/2023,Store_E,Sports,Furniture,P1218,457,660,61.12,1,1,542,255
8/8/2023,Store_A,Clothing,Furniture,P1219,124,694,13.2,1,1,119,261
8/9/2023,Store_C,Electronics,Food,P1220,325,655,186.94,0,0,297,281
8/10/2023,Store_A,Grocery,Furniture,P1221,321,562,129.4,1,1,298,247
8/11/2023,Store_B,Home,Furniture,P1222,120,110,193.08,1,0,135,123
8/12/2023,Store_A,Sports,Tech,P1223,214,684,130.95,0,0,219,264
8/13/2023,Store_D,Home,Tech,P1224,140,174,199.45,1,0,126,195
8/14/2023,Store_C,Clothing,Furniture,P1225,358,319,186.05,1,0,413,169
8/15/2023,Store_C,Electronics,Furniture,P1226,189,494,162.72,1,0,170,136
8/16/2023,Store_B,Electronics,Fitness,P1227,454,704,115.72,1,1,478,72
8/17/2023,Store_B,Home,Fashion,P1228,255,1470,23.6,0,0,249,110
8/18/2023,Store_C,Sports,Fitness,P1229,278,646,191.04,0,1,304,227
8/19/2023,Store_D,Clothing,Tech,P1230,170,227,135.22,1,1,188,213
8/20/2023,Store_B,Electronics,Furniture,P1231,201,852,124.85,0,1,225,205
8/21/2023,Store_D,Sports,Tech,P1232,241,951,141.88,0,0,254,185
8/22/2023,Store_E,Grocery,Food,P1233,410,840,20.23,0,0,389,268
8/23/2023,Store_B,Sports,Furniture,P1234,316,1004,27.67,0,1,361,166
8/24/2023,Store_E,Grocery,Fitness,P1235,117,1151,86.01,1,1,130,151
8/25/2023,Store_E,Grocery,Food,P1236,180,106,150.43,1,1,199,188
8/26/2023,Store_D,Grocery,Fashion,P1237,80,241,197.3,1,0,90,246
8/27/2023,Store_C,Home,Furniture,P1238,378,1422,192.94,1,1,349,296
8/28/2023,Store_C,Grocery,Tech,P1239,388,1204,30.93,1,0,433,107
8/29/2023,Store_C,Home,Fitness,P1240,477,107,152.45,1,1,547,113
8/30/2023,Store_B,Grocery,Food,P1241,285,808,35.25,1,0,277,67
8/31/2023,Store_E,Grocery,Tech,P1242,101,1316,11.55,0,1,104,188
9/1/2023,Store_C,Electronics,Fitness,P1243,161,215,32.33,1,1,156,274
9/2/2023,Store_D,Clothing,Fashion,P1244,123,1452,106.64,0,0,133,159
9/3/2023,Store_C,Home,Fitness,P1245,334,1115,14.14,1,1,341,126
9/4/2023,Store_D,Electronics,Tech,P1246,242,476,152.11,1,0,276,284
9/5/2023,Store_D,Sports,Fitness,P1247,79,1251,85.47,0,1,76,102
9/6/2023,Store_D,Clothing,Food,P1248,219,1424,20.42,0,0,214,222
9/7/2023,Store_A,Electronics,Fitness,P1249,359,1334,12.71,0,1,345,282
9/8/2023,Store_A,Electronics,Tech,P1250,220,720,191.62,0,1,258,228
9/9/2023,Store_B,Sports,Fashion,P1251,359,518,82.34,1,1,373,216
9/10/2023,Store_E,Home,Furniture,P1252,233,731,56,0,1,262,131
9/11/2023,Store_A,Sports,Tech,P1253,154,859,66.02,0,0,150,289
9/12/2023,Store_C,Electronics,Tech,P1254,349,1286,145.4,1,0,353,263
9/13/2023,Store_C,Clothing,Furniture,P1255,175,1122,112.38,1,1,166,253
9/14/2023,Store_E,Home,Tech,P1256,230,446,32.29,0,0,264,69
9/15/2023,Store_A,Home,Tech,P1257,468,1468,14.46,0,0,520,52
9/16/2023,Store_A,Sports,Fitness,P1258,161,1135,93.92,1,1,145,186
9/17/2023,Store_E,Clothing,Fitness,P1259,332,942,7.31,1,0,348,228
9/18/2023,Store_B,Grocery,Food,P1260,395,981,162.2,0,0,378,184
9/19/2023,Store_D,Grocery,Fashion,P1261,179,825,57.13,1,1,191,228
9/20/2023,Store_A,Grocery,Food,P1262,165,714,138.39,1,1,167,171
9/21/2023,Store_B,Grocery,Furniture,P1263,78,1404,6.84,1,1,83,269
9/22/2023,Store_B,Electronics,Fitness,P1264,98,1181,184.23,1,1,89,69
9/23/2023,Store_E,Grocery,Tech,P1265,400,674,180.37,1,0,475,200
9/24/2023,Store_C,Electronics,Fitness,P1266,123,915,186.13,0,1,135,188
9/25/2023,Store_B,Grocery,Fitness,P1267,219,886,152.34,1,0,203,109
9/26/2023,Store_E,Sports,Furniture,P1268,479,255,71.42,1,0,522,250
9/27/2023,Store_E,Home,Furniture,P1269,280,1104,49.49,0,1,259,208
9/28/2023,Store_A,Clothing,Tech,P1270,201,604,144.06,1,0,225,131
9/29/2023,Store_C,Home,Fashion,P1271,234,318,22.85,1,0,219,97
9/30/2023,Store_E,Home,Food,P1272,270,1019,113.61,0,0,271,73
10/1/2023,Store_D,Grocery,Fashion,P1273,355,1324,157.97,1,1,402,235
10/2/2023,Store_B,Home,Tech,P1274,336,597,116.53,0,1,332,176
10/3/2023,Store_C,Home,Fashion,P1275,124,229,37.61,1,0,125,291
10/4/2023,Store_E,Electronics,Furniture,P1276,176,1380,101.68,0,0,174,292
10/5/2023,Store_D,Clothing,Furniture,P1277,252,780,169.11,1,1,288,270
10/6/2023,Store_C,Sports,Tech,P1278,383,1317,31.54,1,1,365,151
10/7/2023,Store_D,Sports,Tech,P1279,213,696,148.3,1,1,209,251
10/8/2023,Store_E,Electronics,Fitness,P1280,251,847,27.21,0,0,297,168
10/9/2023,Store_C,Grocery,Furniture,P1281,412,529,90.5,1,0,449,111
10/10/2023,Store_D,Home,Food,P1282,179,1448,35.06,1,1,192,186
10/11/2023,Store_C,Sports,Fitness,P1283,309,956,111.01,0,0,349,218
10/12/2023,Store_E,Grocery,Fitness,P1284,390,827,37.44,1,1,463,160
10/13/2023,Store_B,Sports,Fitness,P1285,104,121,24.23,0,1,105,168
10/14/2023,Store_E,Electronics,Fashion,P1286,445,1491,119.78,0,1,414,156
10/15/2023,Store_B,Clothing,Fashion,P1287,93,337,167.11,1,1,105,183
10/16/2023,Store_D,Home,Fashion,P1288,297,813,97.85,0,1,271,231
10/17/2023,Store_A,Electronics,Tech,P1289,108,146,170.59,0,0,107,159
10/18/2023,Store_B,Electronics,Furniture,P1290,286,574,160.56,1,0,320,276
10/19/2023,Store_D,Grocery,Tech,P1291,151,1020,120.48,0,1,169,257
10/20/2023,Store_E,Electronics,Fashion,P1292,457,228,117.58,1,0,474,117
10/21/2023,Store_C,Sports,Furniture,P1293,393,1102,107.9,1,0,394,266
10/22/2023,Store_C,Sports,Fitness,P1294,284,1364,38.64,0,0,282,111
10/23/2023,Store_B,Sports,Furniture,P1295,206,339,40.69,1,0,220,158
10/24/2023,Store_B,Sports,Tech,P1296,145,1096,128.92,1,1,136,130
10/25/2023,Store_C,Grocery,Furniture,P1297,481,1023,125.78,0,0,550,296
10/26/2023,Store_D,Home,Furniture,P1298,337,1135,132.35,1,1,320,194
10/27/2023,Store_C,Electronics,Fitness,P1299,65,551,61.96,1,0,73,194
10/28/2023,Store_A,Sports,Food,P1300,430,1114,112.2,1,1,456,243
10/29/2023,Store_D,Grocery,Tech,P1301,71,1003,111.54,1,0,73,139
10/30/2023,Store_A,Electronics,Tech,P1302,491,278,90.62,1,1,466,85
10/31/2023,Store_A,Sports,Fashion,P1303,451,523,163.64,1,0,449,230
11/1/2023,Store_E,Grocery,Tech,P1304,199,692,116.68,1,0,238,271
11/2/2023,Store_B,Electronics,Tech,P1305,385,359,141.78,1,0,434,223
11/3/2023,Store_C,Home,Furniture,P1306,251,1102,32.72,1,0,273,275
11/4/2023,Store_C,Clothing,Furniture,P1307,443,290,83.56,1,1,476,272
11/5/2023,Store_D,Clothing,Food,P1308,446,290,147.53,1,0,530,261
11/6/2023,Store_C,Clothing,Fitness,P1309,158,1113,57.36,0,1,179,278
11/7/2023,Store_D,Grocery,Food,P1310,399,199,13.96,0,1,413,295
11/8/2023,Store_B,Clothing,Tech,P1311,269,514,199.16,1,0,294,114
11/9/2023,Store_B,Grocery,Furniture,P1312,92,861,134.58,1,0,94,73
11/10/2023,Store_D,Grocery,Tech,P1313,410,294,5.21,0,1,370,228
11/11/2023,Store_D,Electronics,Furniture,P1314,225,346,197.69,0,0,228,237
11/12/2023,Store_C,Clothing,Tech,P1315,462,309,25.12,1,0,504,223
11/13/2023,Store_A,Sports,Tech,P1316,123,240,108.45,1,1,137,210
11/14/2023,Store_E,Home,Tech,P1317,433,410,184.38,0,0,407,81
11/15/2023,Store_D,Clothing,Tech,P1318,351,886,73.55,0,1,383,113
11/16/2023,Store_E,Clothing,Food,P1319,333,1330,122,1,0,351,180
11/17/2023,Store_A,Electronics,Furniture,P1320,146,902,62.63,1,0,141,213
11/18/2023,Store_A,Clothing,Fashion,P1321,354,245,108.02,0,1,410,195
11/19/2023,Store_B,Home,Food,P1322,265,848,111.54,0,0,239,105
11/20/2023,Store_D,Sports,Fashion,P1323,70,223,189.99,1,1,77,71
11/21/2023,Store_B,Clothing,Food,P1324,377,1198,109.84,1,0,397,102
11/22/2023,Store_D,Sports,Food,P1325,463,418,109.6,1,1,518,266
11/23/2023,Store_D,Grocery,Furniture,P1326,172,218,52.67,0,1,189,218
11/24/2023,Store_B,Grocery,Tech,P1327,429,459,28.29,1,1,453,250
11/25/2023,Store_B,Clothing,Food,P1328,471,630,37.56,0,1,537,119
11/26/2023,Store_E,Grocery,Furniture,P1329,318,230,56.28,1,1,291,269
11/27/2023,Store_C,Grocery,Fitness,P1330,340,441,76.7,0,0,381,50
11/28/2023,Store_D,Clothing,Furniture,P1331,72,125,52.69,0,0,84,269
11/29/2023,Store_D,Electronics,Fashion,P1332,68,1232,161.61,0,1,79,131
11/30/2023,Store_A,Sports,Food,P1333,188,259,116.45,0,0,214,61
12/1/2023,Store_C,Clothing,Fashion,P1334,255,241,176.01,0,1,230,101
12/2/2023,Store_E,Electronics,Furniture,P1335,199,1254,157.98,1,1,238,248
12/3/2023,Store_B,Electronics,Food,P1336,150,1219,153.29,1,0,145,138
12/4/2023,Store_A,Home,Fashion,P1337,375,119,190.44,0,0,397,110
12/5/2023,Store_B,Clothing,Food,P1338,264,1107,192.43,0,0,308,183
12/6/2023,Store_A,Sports,Food,P1339,261,862,94.4,0,1,240,195
12/7/2023,Store_B,Electronics,Fashion,P1340,81,990,134.18,1,1,95,150
12/8/2023,Store_C,Electronics,Food,P1341,408,768,67.02,0,0,462,199
12/9/2023,Store_D,Home,Fashion,P1342,105,418,25.6,1,0,111,296
12/10/2023,Store_D,Clothing,Food,P1343,444,525,93.12,0,0,507,127
12/11/2023,Store_C,Electronics,Food,P1344,473,1335,12.86,0,1,481,62
12/12/2023,Store_B,Grocery,Furniture,P1345,396,712,55.73,1,0,367,76
12/13/2023,Store_A,Electronics,Tech,P1346,461,386,28.68,0,1,466,211
12/14/2023,Store_C,Grocery,Food,P1347,380,272,118.55,0,0,444,163
12/15/2023,Store_C,Grocery,Food,P1348,464,363,22.94,1,0,440,196
12/16/2023,Store_D,Home,Tech,P1349,271,908,101.74,1,0,317,120
12/17/2023,Store_A,Sports,Fitness,P1350,193,1013,177.27,0,1,202,275
12/18/2023,Store_C,Home,Tech,P1351,331,1081,16.89,1,0,361,254
12/19/2023,Store_E,Grocery,Furniture,P1352,319,610,128,1,1,339,174
12/20/2023,Store_D,Clothing,Tech,P1353,226,1258,102.97,0,1,243,57
12/21/2023,Store_D,Sports,Fashion,P1354,465,675,16.43,0,0,432,218
12/22/2023,Store_A,Electronics,Fitness,P1355,173,645,109.07,1,1,204,266
12/23/2023,Store_C,Clothing,Fitness,P1356,138,460,51.13,0,1,163,194
12/24/2023,Store_D,Sports,Fashion,P1357,122,1253,189.93,0,1,111,64
12/25/2023,Store_E,Home,Food,P1358,169,1332,47.67,1,0,192,137
12/26/2023,Store_C,Grocery,Food,P1359,417,463,184.16,0,0,472,266
12/27/2023,Store_C,Home,Fitness,P1360,319,847,192.31,0,1,315,84
12/28/2023,Store_D,Clothing,Tech,P1361,130,994,159.41,1,0,142,258
12/29/2023,Store_C,Electronics,Tech,P1362,139,874,64.83,0,1,160,247
12/30/2023,Store_C,Sports,Tech,P1363,340,166,40.51,0,1,320,240
12/31/2023,Store_C,Electronics,Food,P1364,89,587,72.63,1,1,80,103
1/1/2024,Store_A,Grocery,Food,P1365,177,238,73.34,1,1,198,298
1/2/2024,Store_D,Clothing,Fitness,P1366,135,947,101.15,1,0,155,251
1/3/2024,Store_B,Electronics,Furniture,P1367,492,1283,131.94,0,0,486,131
1/4/2024,Store_B,Home,Tech,P1368,183,314,19.47,0,0,183,207
1/5/2024,Store_B,Sports,Furniture,P1369,297,163,89.11,0,0,276,102
1/6/2024,Store_E,Clothing,Fashion,P1370,147,938,140.95,1,0,136,150
1/7/2024,Store_B,Grocery,Fashion,P1371,342,1225,168.77,0,1,316,260
1/8/2024,Store_B,Grocery,Food,P1372,388,1380,122.04,0,0,423,300
1/9/2024,Store_C,Home,Furniture,P1373,91,1069,169.53,1,1,84,189
1/10/2024,Store_D,Clothing,Tech,P1374,248,478,77.35,1,0,242,169
1/11/2024,Store_E,Grocery,Tech,P1375,184,563,168.23,0,0,202,256
1/12/2024,Store_E,Electronics,Fitness,P1376,327,947,194.29,0,1,374,157
1/13/2024,Store_B,Home,Fashion,P1377,324,1072,116.68,0,1,379,232
1/14/2024,Store_E,Sports,Fitness,P1378,67,1128,116.39,0,0,79,164
1/15/2024,Store_B,Electronics,Food,P1379,138,442,194.57,1,0,165,161
1/16/2024,Store_E,Clothing,Fashion,P1380,153,1384,33.84,0,0,155,151
1/17/2024,Store_E,Home,Food,P1381,332,767,172.04,1,0,340,87
1/18/2024,Store_A,Grocery,Fitness,P1382,340,1304,118.62,0,1,394,275
1/19/2024,Store_D,Sports,Fitness,P1383,226,941,56.51,1,0,215,153
1/20/2024,Store_D,Grocery,Furniture,P1384,123,1366,123.69,1,0,112,171
1/21/2024,Store_C,Clothing,Fashion,P1385,187,862,8.95,1,0,222,108
1/22/2024,Store_D,Clothing,Fashion,P1386,118,715,194.97,1,0,112,104
1/23/2024,Store_E,Clothing,Food,P1387,471,933,149.48,0,0,467,179
1/24/2024,Store_E,Sports,Food,P1388,256,377,157.2,0,0,297,101
1/25/2024,Store_D,Grocery,Fashion,P1389,478,218,53.65,0,1,483,168
1/26/2024,Store_A,Grocery,Tech,P1390,308,912,128.9,1,1,332,95
1/27/2024,Store_C,Clothing,Tech,P1391,495,1071,119.44,1,0,487,148
1/28/2024,Store_B,Electronics,Tech,P1392,75,433,171.5,0,1,82,181
1/29/2024,Store_B,Electronics,Fitness,P1393,60,1497,6.74,0,0,58,256
1/30/2024,Store_D,Clothing,Furniture,P1394,206,1416,58.7,1,0,214,223
1/31/2024,Store_A,Grocery,Fitness,P1395,316,1377,82.44,1,1,312,77
2/1/2024,Store_C,Clothing,Fashion,P1396,296,230,70.58,1,1,283,182
2/2/2024,Store_E,Home,Fashion,P1397,441,592,180.44,0,0,483,125
2/3/2024,Store_A,Sports,Fitness,P1398,182,957,83.9,0,1,203,106
2/4/2024,Store_D,Clothing,Fitness,P1399,401,1194,129.47,1,0,462,274
2/5/2024,Store_D,Electronics,Fashion,P1400,335,470,62.29,0,1,367,106
2/6/2024,Store_C,Home,Fashion,P1401,231,557,150.12,1,1,248,168
2/7/2024,Store_E,Sports,Fitness,P1402,485,341,96.75,0,1,565,178
2/8/2024,Store_C,Home,Food,P1403,111,1494,79.43,0,0,132,137
2/9/2024,Store_D,Electronics,Fashion,P1404,259,1266,179.1,0,0,270,211
2/10/2024,Store_A,Home,Fashion,P1405,140,741,128.73,0,0,150,90
2/11/2024,Store_D,Home,Furniture,P1406,300,280,30.23,1,1,304,59
2/12/2024,Store_A,Clothing,Fitness,P1407,323,508,147.48,0,0,356,210
2/13/2024,Store_C,Clothing,Tech,P1408,425,609,49.12,0,1,446,128
2/14/2024,Store_C,Clothing,Furniture,P1409,135,233,165.65,1,1,157,84
2/15/2024,Store_B,Electronics,Furniture,P1410,225,1103,75.05,0,0,217,83
2/16/2024,Store_B,Grocery,Fashion,P1411,158,144,119.99,0,1,183,115
2/17/2024,Store_E,Grocery,Food,P1412,444,1195,126.51,0,0,491,156
2/18/2024,Store_C,Home,Tech,P1413,277,878,29.1,0,0,274,219
2/19/2024,Store_E,Sports,Tech,P1414,101,1456,106.46,1,0,106,208
2/20/2024,Store_A,Home,Tech,P1415,110,678,27.23,0,1,126,299
2/21/2024,Store_C,Electronics,Food,P1416,153,833,142.17,1,0,169,173
2/22/2024,Store_A,Grocery,Fitness,P1417,219,580,5.53,1,0,259,249
2/23/2024,Store_A,Clothing,Tech,P1418,311,253,146.09,1,1,304,62
2/24/2024,Store_C,Clothing,Fashion,P1419,101,457,175.46,1,0,93,244
2/25/2024,Store_B,Clothing,Fashion,P1420,73,119,171.14,1,1,84,73
2/26/2024,Store_D,Home,Furniture,P1421,240,801,40.66,1,1,265,172
2/27/2024,Store_B,Grocery,Tech,P1422,459,963,131.53,0,0,427,283
2/28/2024,Store_D,Electronics,Fitness,P1423,352,1088,161.44,1,1,381,270
2/29/2024,Store_D,Grocery,Furniture,P1424,400,367,99.2,1,0,367,217
3/1/2024,Store_E,Sports,Fitness,P1425,210,125,142.39,0,1,221,226
3/2/2024,Store_B,Home,Fashion,P1426,408,1366,23.57,1,0,469,192
3/3/2024,Store_B,Sports,Furniture,P1427,363,211,7.27,1,0,334,175
3/4/2024,Store_C,Grocery,Fitness,P1428,214,593,69.52,0,1,218,110
3/5/2024,Store_E,Home,Food,P1429,90,1040,91.62,1,1,89,177
3/6/2024,Store_D,Home,Food,P1430,431,1438,8.46,0,0,490,296
3/7/2024,Store_E,Sports,Tech,P1431,366,1405,64.4,1,1,369,63
3/8/2024,Store_C,Sports,Fitness,P1432,468,556,169.64,1,1,521,79
3/9/2024,Store_C,Clothing,Fashion,P1433,99,1449,48.24,1,0,90,92
3/10/2024,Store_D,Grocery,Fashion,P1434,302,387,165.26,0,0,282,268
3/11/2024,Store_B,Clothing,Food,P1435,251,541,94.12,1,0,295,264
3/12/2024,Store_D,Home,Fitness,P1436,394,1305,29.03,0,1,355,238
3/13/2024,Store_E,Home,Fitness,P1437,74,1233,187.39,0,0,82,82
3/14/2024,Store_E,Clothing,Fitness,P1438,103,893,133.22,1,1,122,284
3/15/2024,Store_C,Clothing,Furniture,P1439,404,608,58.35,0,0,413,229
3/16/2024,Store_E,Clothing,Fitness,P1440,433,1149,63.29,0,0,416,232
3/17/2024,Store_B,Electronics,Fitness,P1441,198,807,184.63,1,0,223,193
3/18/2024,Store_D,Sports,Fashion,P1442,295,1293,116.27,1,0,311,56
3/19/2024,Store_A,Electronics,Fashion,P1443,245,397,15.35,0,1,270,87
3/20/2024,Store_C,Electronics,Fitness,P1444,479,227,139.67,0,1,548,76
3/21/2024,Store_B,Sports,Furniture,P1445,365,1483,149.2,0,1,404,62
3/22/2024,Store_C,Sports,Food,P1446,245,893,86.23,0,1,235,272
3/23/2024,Store_C,Sports,Fitness,P1447,449,1007,166.85,0,0,443,95
3/24/2024,Store_B,Sports,Food,P1448,399,252,41.46,1,0,410,192
3/25/2024,Store_C,Grocery,Fashion,P1449,185,366,36.38,1,0,168,287
3/26/2024,Store_E,Clothing,Furniture,P1450,215,1322,14.92,1,0,244,131
3/27/2024,Store_E,Grocery,Fitness,P1451,319,550,191.61,0,1,339,153
3/28/2024,Store_B,Clothing,Fashion,P1452,97,815,48.13,1,1,93,242
3/29/2024,Store_E,Grocery,Food,P1453,366,1186,97.6,1,1,355,214
3/30/2024,Store_A,Clothing,Furniture,P1454,364,1372,52.55,0,1,355,235
3/31/2024,Store_C,Sports,Fitness,P1455,194,150,182.71,1,1,177,279
4/1/2024,Store_A,Grocery,Tech,P1456,383,494,67.46,0,0,368,211
4/2/2024,Store_D,Grocery,Tech,P1457,446,536,173.67,1,0,501,89
4/3/2024,Store_A,Grocery,Food,P1458,62,1040,144.79,0,0,70,192
4/4/2024,Store_C,Home,Furniture,P1459,86,1277,165.22,1,1,88,54
4/5/2024,Store_A,Sports,Food,P1460,249,1478,28.07,0,0,250,178
4/6/2024,Store_C,Sports,Food,P1461,104,693,158.44,1,1,105,260
4/7/2024,Store_E,Electronics,Tech,P1462,388,163,97.43,1,1,460,86
4/8/2024,Store_C,Grocery,Fitness,P1463,202,1487,177.96,0,0,184,196
4/9/2024,Store_A,Clothing,Tech,P1464,355,907,109.74,1,0,363,215
4/10/2024,Store_B,Electronics,Fitness,P1465,485,1149,32.78,1,0,453,221
4/11/2024,Store_E,Home,Fitness,P1466,459,1261,171.19,0,1,505,114
4/12/2024,Store_D,Clothing,Fashion,P1467,100,504,146.49,0,0,93,208
4/13/2024,Store_D,Clothing,Fitness,P1468,85,496,66.97,1,0,90,143
4/14/2024,Store_B,Grocery,Fashion,P1469,463,747,191.94,0,0,515,214
4/15/2024,Store_B,Clothing,Furniture,P1470,273,666,168.82,1,1,275,128
4/16/2024,Store_E,Grocery,Fashion,P1471,299,1229,26.22,0,0,292,276
4/17/2024,Store_A,Sports,Food,P1472,370,256,146.85,1,0,433,191
4/18/2024,Store_E,Home,Tech,P1473,183,1213,179.33,1,1,176,247
4/19/2024,Store_E,Sports,Food,P1474,351,695,31.11,1,1,368,219
4/20/2024,Store_E,Electronics,Furniture,P1475,172,1357,138.41,0,0,184,194
4/21/2024,Store_D,Clothing,Food,P1476,387,399,148.5,0,1,375,117
4/22/2024,Store_B,Sports,Fashion,P1477,239,579,13.35,1,1,280,275
4/23/2024,Store_C,Grocery,Fitness,P1478,73,181,196.22,1,1,78,195
4/24/2024,Store_C,Sports,Food,P1479,139,871,132.47,1,1,165,107
4/25/2024,Store_C,Home,Furniture,P1480,314,931,73.82,0,0,324,108
4/26/2024,Store_B,Electronics,Tech,P1481,89,1153,130.48,0,1,96,259
4/27/2024,Store_C,Grocery,Furniture,P1482,110,1453,49.92,1,1,105,91
4/28/2024,Store_A,Electronics,Fitness,P1483,381,941,9.38,0,0,414,60
4/29/2024,Store_C,Electronics,Fitness,P1484,343,400,15.9,1,0,399,236
4/30/2024,Store_B,Home,Fitness,P1485,388,680,189.71,1,1,369,262
5/1/2024,Store_E,Electronics,Fitness,P1486,260,1330,32.83,1,0,290,137
5/2/2024,Store_B,Home,Furniture,P1487,282,1321,120.17,0,0,255,183
5/3/2024,Store_B,Sports,Food,P1488,490,1132,138.45,0,1,573,203
5/4/2024,Store_A,Grocery,Furniture,P1489,69,1188,103.15,0,0,80,248
5/5/2024,Store_D,Clothing,Food,P1490,397,1429,89.14,1,0,469,173
5/6/2024,Store_E,Grocery,Furniture,P1491,454,880,73.35,0,1,473,109
5/7/2024,Store_E,Home,Fashion,P1492,489,271,60.24,0,0,544,252
5/8/2024,Store_E,Grocery,Furniture,P1493,53,1283,106.9,0,1,54,77
5/9/2024,Store_C,Clothing,Fitness,P1494,129,972,132.06,1,1,139,224
5/10/2024,Store_E,Home,Tech,P1495,253,517,85.58,1,1,246,128
5/11/2024,Store_D,Electronics,Food,P1496,345,805,155.97,0,1,391,293
5/12/2024,Store_D,Clothing,Fitness,P1497,132,305,46.82,0,0,134,212
5/13/2024,Store_D,Sports,Furniture,P1498,52,286,165.53,0,0,50,144
5/14/2024,Store_D,Home,Fitness,P1499,90,1347,12.36,1,0,106,259
5/15/2024,Store_A,Electronics,Fitness,P1500,139,1411,101.4,1,0,126,203
5/16/2024,Store_E,Electronics,Food,P1501,311,1156,141.2,1,0,341,299
5/17/2024,Store_D,Clothing,Furniture,P1502,130,277,199.38,1,0,137,238
5/18/2024,Store_E,Clothing,Fitness,P1503,410,240,184.24,1,1,487,120
5/19/2024,Store_D,Home,Fitness,P1504,165,1341,192.8,0,1,157,179
5/20/2024,Store_C,Clothing,Food,P1505,104,1244,19.12,1,1,115,297
5/21/2024,Store_B,Clothing,Furniture,P1506,243,1253,99.31,1,0,253,116
5/22/2024,Store_B,Electronics,Fashion,P1507,84,883,128.56,1,1,88,52
5/23/2024,Store_A,Home,Fashion,P1508,408,639,53.41,0,0,425,140
5/24/2024,Store_B,Home,Tech,P1509,161,1274,57.47,0,0,187,102
5/25/2024,Store_E,Clothing,Tech,P1510,167,515,167.81,0,0,196,223
5/26/2024,Store_E,Grocery,Furniture,P1511,389,1108,124.7,1,1,407,275
5/27/2024,Store_E,Clothing,Furniture,P1512,344,662,100.71,0,0,315,254
5/28/2024,Store_A,Sports,Fashion,P1513,266,1079,188.23,1,0,275,80
5/29/2024,Store_A,Grocery,Tech,P1514,407,1161,94.71,1,0,406,206
5/30/2024,Store_C,Electronics,Fashion,P1515,491,631,41.49,1,1,495,177
5/31/2024,Store_C,Clothing,Furniture,P1516,267,531,86.72,1,1,254,83
6/1/2024,Store_C,Electronics,Fitness,P1517,344,568,163.77,1,1,329,254
6/2/2024,Store_A,Electronics,Furniture,P1518,428,406,97.23,1,0,513,267
6/3/2024,Store_C,Home,Fashion,P1519,372,1158,109.13,1,0,379,226
6/4/2024,Store_C,Home,Food,P1520,133,222,47.02,1,1,130,142
6/5/2024,Store_C,Clothing,Food,P1521,336,1241,186.71,1,0,337,223
6/6/2024,Store_E,Electronics,Fashion,P1522,360,507,117.49,1,1,396,174
6/7/2024,Store_D,Sports,Fashion,P1523,446,1015,178.48,1,0,517,213
6/8/2024,Store_E,Sports,Furniture,P1524,463,790,87.25,0,0,439,108
6/9/2024,Store_C,Sports,Furniture,P1525,210,748,132.34,1,1,238,290
6/10/2024,Store_D,Home,Tech,P1526,235,1302,106.58,0,0,220,110
6/11/2024,Store_A,Electronics,Tech,P1527,388,615,188.39,1,0,360,289
6/12/2024,Store_A,Home,Fitness,P1528,499,1069,111.94,0,0,488,89
6/13/2024,Store_D,Clothing,Tech,P1529,93,1441,186.66,0,1,96,82
6/14/2024,Store_A,Grocery,Fashion,P1530,117,1178,168.51,1,1,121,272
6/15/2024,Store_B,Sports,Tech,P1531,326,657,111.97,1,1,344,213
6/16/2024,Store_D,Sports,Tech,P1532,323,734,182.24,0,1,320,155
6/17/2024,Store_A,Sports,Tech,P1533,183,418,64.2,1,1,190,52
6/18/2024,Store_D,Clothing,Food,P1534,402,1107,189.66,1,1,433,253
6/19/2024,Store_D,Sports,Furniture,P1535,53,1222,77.86,1,0,50,238
6/20/2024,Store_B,Clothing,Food,P1536,380,898,166.54,1,0,400,254
6/21/2024,Store_E,Clothing,Furniture,P1537,363,656,60.51,0,0,346,124
6/22/2024,Store_D,Clothing,Fitness,P1538,106,1404,93.79,1,0,105,88
6/23/2024,Store_A,Clothing,Fashion,P1539,75,1195,9.32,0,1,83,109
6/24/2024,Store_B,Clothing,Furniture,P1540,96,408,7.87,1,1,115,168
6/25/2024,Store_B,Grocery,Fashion,P1541,406,164,69.4,1,0,431,96
6/26/2024,Store_A,Grocery,Tech,P1542,148,612,164.36,1,1,144,58
6/27/2024,Store_A,Sports,Tech,P1543,151,1043,148.39,1,1,166,129
6/28/2024,Store_A,Sports,Fitness,P1544,215,424,127.69,0,1,224,126
6/29/2024,Store_B,Grocery,Tech,P1545,151,838,178.07,1,1,136,253
6/30/2024,Store_B,Grocery,Food,P1546,191,1297,28.33,1,0,193,72
7/1/2024,Store_E,Clothing,Food,P1547,177,422,102.48,0,1,193,229
7/2/2024,Store_B,Clothing,Fitness,P1548,324,319,29.54,1,1,362,55
7/3/2024,Store_B,Clothing,Food,P1549,402,873,74.84,1,1,429,188
7/4/2024,Store_B,Sports,Fashion,P1550,406,1103,42.01,1,1,398,262
7/5/2024,Store_E,Electronics,Furniture,P1551,356,1235,36.27,1,1,378,166
7/6/2024,Store_B,Grocery,Fitness,P1552,50,1406,103.66,1,0,49,66
7/7/2024,Store_B,Sports,Furniture,P1553,387,1203,164.71,0,1,385,214
7/8/2024,Store_A,Grocery,Tech,P1554,214,326,23.77,0,0,205,174
7/9/2024,Store_D,Home,Fitness,P1555,148,302,11.2,1,0,149,205
7/10/2024,Store_B,Home,Food,P1556,417,245,7.55,1,0,420,240
7/11/2024,Store_A,Sports,Fashion,P1557,262,855,159.88,0,0,301,69
7/12/2024,Store_B,Sports,Furniture,P1558,160,1163,23.94,0,0,169,113
7/13/2024,Store_E,Sports,Furniture,P1559,341,1380,189.76,0,1,375,229
7/14/2024,Store_B,Electronics,Fitness,P1560,390,974,177.15,1,1,427,186
7/15/2024,Store_C,Sports,Fashion,P1561,357,1007,187.04,1,1,403,160
7/16/2024,Store_E,Sports,Tech,P1562,472,762,123.64,1,1,475,165
7/17/2024,Store_A,Clothing,Fitness,P1563,279,913,5.04,0,0,334,127
7/18/2024,Store_B,Clothing,Food,P1564,53,715,196.96,1,0,49,167
7/19/2024,Store_C,Sports,Tech,P1565,232,419,31.99,0,1,265,73
7/20/2024,Store_B,Grocery,Fashion,P1566,342,918,115.97,1,0,357,280
7/21/2024,Store_A,Sports,Fashion,P1567,403,1280,164.81,0,1,372,64
7/22/2024,Store_D,Home,Food,P1568,444,784,72.85,0,0,484,211
7/23/2024,Store_A,Clothing,Fitness,P1569,245,210,64.43,0,1,257,106
7/24/2024,Store_D,Home,Fitness,P1570,128,203,136.36,0,0,131,251
7/25/2024,Store_A,Home,Fitness,P1571,251,403,30.78,0,1,245,152
7/26/2024,Store_B,Electronics,Furniture,P1572,306,989,155.9,0,1,311,196
7/27/2024,Store_E,Electronics,Tech,P1573,150,1249,125.12,0,1,169,132
7/28/2024,Store_D,Home,Fashion,P1574,400,1279,22.47,1,0,398,202
7/29/2024,Store_B,Clothing,Fitness,P1575,385,149,155.09,1,0,397,286
7/30/2024,Store_C,Electronics,Food,P1576,468,578,43.94,0,0,455,208
7/31/2024,Store_A,Clothing,Furniture,P1577,125,689,7.68,1,0,124,239
8/1/2024,Store_E,Clothing,Fitness,P1578,325,533,44.74,1,0,360,221
8/2/2024,Store_E,Grocery,Fashion,P1579,59,871,118.69,0,0,58,252
8/3/2024,Store_D,Grocery,Food,P1580,406,1365,57.9,1,1,446,283
8/4/2024,Store_A,Clothing,Furniture,P1581,387,837,173.54,0,1,407,231
8/5/2024,Store_E,Sports,Food,P1582,100,746,99.51,0,0,105,167
8/6/2024,Store_E,Clothing,Fashion,P1583,337,144,12.75,1,1,378,54
8/7/2024,Store_C,Electronics,Fitness,P1584,227,820,74.3,1,0,246,274
8/8/2024,Store_C,Electronics,Tech,P1585,248,160,189.11,1,1,272,72
8/9/2024,Store_E,Electronics,Furniture,P1586,423,882,106.54,0,0,434,129
8/10/2024,Store_B,Electronics,Tech,P1587,359,774,92.59,0,0,356,230
8/11/2024,Store_B,Sports,Tech,P1588,318,376,88.86,1,0,339,292
8/12/2024,Store_B,Grocery,Fashion,P1589,418,342,40.91,1,1,414,240
8/13/2024,Store_C,Electronics,Tech,P1590,470,1404,186.98,0,0,449,245
8/14/2024,Store_E,Sports,Tech,P1591,363,1363,57.04,0,0,401,141
8/15/2024,Store_E,Home,Fashion,P1592,90,1076,31.15,0,1,94,85
8/16/2024,Store_D,Grocery,Fashion,P1593,133,495,49.12,1,0,149,101
8/17/2024,Store_D,Sports,Furniture,P1594,437,518,17.9,1,1,509,159
8/18/2024,Store_D,Clothing,Furniture,P1595,257,185,123.55,0,0,266,261
8/19/2024,Store_B,Sports,Fitness,P1596,499,186,176.17,1,0,532,182
8/20/2024,Store_B,Clothing,Furniture,P1597,441,1391,192.71,1,1,499,123
8/21/2024,Store_E,Grocery,Fitness,P1598,286,440,87.38,0,1,328,165
8/22/2024,Store_E,Sports,Tech,P1599,96,1125,27.07,1,1,95,56
8/23/2024,Store_B,Home,Food,P1600,141,1029,120.11,1,1,156,282
8/24/2024,Store_A,Grocery,Food,P1601,414,435,145.08,1,1,383,231
8/25/2024,Store_B,Home,Fitness,P1602,246,1147,124.35,1,0,278,283
8/26/2024,Store_B,Electronics,Tech,P1603,221,1258,174.9,0,0,226,129
8/27/2024,Store_B,Grocery,Tech,P1604,423,1013,61.31,0,0,459,114
8/28/2024,Store_D,Sports,Food,P1605,56,1039,102.04,1,0,54,218
8/29/2024,Store_A,Sports,Fitness,P1606,293,1029,84.98,0,0,341,121
8/30/2024,Store_B,Grocery,Tech,P1607,367,1387,113.72,0,0,402,59
8/31/2024,Store_E,Clothing,Fashion,P1608,124,166,135.06,0,0,115,95
9/1/2024,Store_E,Sports,Fitness,P1609,132,1476,60.45,0,1,148,142
9/2/2024,Store_C,Clothing,Furniture,P1610,68,290,154.86,0,1,78,66
9/3/2024,Store_C,Clothing,Fitness,P1611,199,1064,31.24,1,0,220,206
9/4/2024,Store_E,Grocery,Furniture,P1612,79,323,116.42,1,1,85,131
9/5/2024,Store_E,Clothing,Tech,P1613,182,1176,117.15,1,1,190,96
9/6/2024,Store_B,Grocery,Food,P1614,362,576,143.17,0,1,393,80
9/7/2024,Store_D,Home,Food,P1615,427,524,160.92,1,1,456,213
9/8/2024,Store_C,Clothing,Food,P1616,158,123,129.92,1,1,166,132
9/9/2024,Store_C,Clothing,Furniture,P1617,442,112,27.2,0,0,423,263
9/10/2024,Store_D,Grocery,Tech,P1618,223,1477,98.43,1,0,242,278
9/11/2024,Store_D,Home,Food,P1619,492,1199,179.71,1,1,524,54
9/12/2024,Store_C,Grocery,Tech,P1620,156,1282,138.67,1,0,156,146
9/13/2024,Store_E,Sports,Furniture,P1621,370,1194,169.27,0,0,428,242
9/14/2024,Store_C,Home,Food,P1622,207,744,143.42,1,0,209,262
9/15/2024,Store_B,Grocery,Fashion,P1623,204,542,107.39,0,0,239,163
9/16/2024,Store_E,Electronics,Tech,P1624,309,151,160.81,1,1,345,184
9/17/2024,Store_A,Sports,Tech,P1625,208,770,32.94,0,0,215,232
9/18/2024,Store_C,Grocery,Fitness,P1626,492,1169,27.59,0,1,511,61
9/19/2024,Store_C,Grocery,Fitness,P1627,102,1166,154.41,1,0,101,99
9/20/2024,Store_D,Grocery,Fashion,P1628,196,666,108.79,0,0,192,53
9/21/2024,Store_B,Sports,Fashion,P1629,368,1246,105.24,1,1,346,230
9/22/2024,Store_B,Grocery,Fashion,P1630,461,680,116.95,1,1,421,57
9/23/2024,Store_D,Grocery,Food,P1631,291,1483,14.84,1,1,277,202
9/24/2024,Store_D,Sports,Fashion,P1632,353,1389,168.05,1,1,404,232
9/25/2024,Store_A,Home,Fitness,P1633,438,1473,162.81,0,0,501,285
9/26/2024,Store_C,Home,Furniture,P1634,407,1059,23.97,0,0,383,279
9/27/2024,Store_D,Electronics,Fashion,P1635,365,628,183.01,1,1,381,66
9/28/2024,Store_D,Electronics,Fashion,P1636,293,331,73.53,1,0,308,153
9/29/2024,Store_A,Clothing,Fitness,P1637,468,319,68.54,1,1,504,111
9/30/2024,Store_D,Home,Food,P1638,367,599,111.85,1,0,419,201
10/1/2024,Store_C,Sports,Tech,P1639,270,991,115.61,0,0,302,232
10/2/2024,Store_E,Home,Fashion,P1640,343,1096,27.29,0,1,326,294
10/3/2024,Store_E,Home,Fashion,P1641,257,242,121.66,1,0,238,259
10/4/2024,Store_A,Electronics,Tech,P1642,121,1289,181.13,1,1,123,197
10/5/2024,Store_C,Clothing,Fitness,P1643,278,500,45.1,1,1,310,284
10/6/2024,Store_E,Sports,Furniture,P1644,226,282,118.63,0,1,207,280
10/7/2024,Store_E,Clothing,Food,P1645,331,208,5.16,1,0,321,229
10/8/2024,Store_D,Home,Furniture,P1646,352,907,126.92,1,0,386,171
10/9/2024,Store_C,Home,Tech,P1647,121,485,113.31,1,0,113,68
10/10/2024,Store_D,Home,Tech,P1648,381,132,33.08,0,0,416,156
10/11/2024,Store_E,Home,Fitness,P1649,490,1033,179.25,0,1,515,191
10/12/2024,Store_B,Electronics,Furniture,P1650,469,1021,80.02,0,1,541,110
10/13/2024,Store_E,Sports,Fashion,P1651,414,1127,57.5,0,0,443,230
10/14/2024,Store_A,Electronics,Fitness,P1652,238,331,118.15,1,1,251,183
10/15/2024,Store_A,Sports,Fitness,P1653,362,281,52.82,1,0,423,186
10/16/2024,Store_E,Home,Fitness,P1654,448,122,96.43,1,1,450,300
10/17/2024,Store_A,Sports,Fashion,P1655,458,703,61.4,1,0,498,198
10/18/2024,Store_C,Sports,Food,P1656,136,1273,15.07,1,1,125,179
10/19/2024,Store_E,Clothing,Fashion,P1657,89,669,54.15,1,0,99,204
10/20/2024,Store_D,Clothing,Tech,P1658,139,1311,149.1,1,0,145,254
10/21/2024,Store_A,Electronics,Fitness,P1659,320,167,71.86,0,1,360,155
10/22/2024,Store_D,Electronics,Tech,P1660,444,884,51.4,1,0,485,243
10/23/2024,Store_D,Home,Furniture,P1661,469,337,15.24,1,1,527,242
10/24/2024,Store_D,Home,Fashion,P1662,322,578,79.06,0,1,290,287
10/25/2024,Store_C,Sports,Food,P1663,458,1019,79.49,0,1,543,160
10/26/2024,Store_C,Clothing,Fashion,P1664,362,1435,172.38,0,1,396,150
10/27/2024,Store_E,Electronics,Fitness,P1665,286,1482,151.07,1,0,284,52
10/28/2024,Store_A,Home,Food,P1666,394,117,167.18,0,1,396,235
10/29/2024,Store_A,Sports,Food,P1667,195,615,42.65,0,0,231,213
10/30/2024,Store_E,Electronics,Furniture,P1668,112,345,21.85,0,0,124,114
10/31/2024,Store_A,Home,Fashion,P1669,200,1056,133.79,1,1,195,249
11/1/2024,Store_D,Home,Fashion,P1670,87,667,156.54,0,1,103,117
11/2/2024,Store_B,Sports,Furniture,P1671,141,1002,18.53,0,1,131,188
11/3/2024,Store_A,Home,Fashion,P1672,443,983,47.59,0,0,408,196
11/4/2024,Store_A,Home,Tech,P1673,422,613,156.56,0,0,463,118
11/5/2024,Store_E,Grocery,Fitness,P1674,127,775,181.4,1,1,130,266
11/6/2024,Store_A,Home,Furniture,P1675,422,243,110.33,0,1,422,127
11/7/2024,Store_A,Clothing,Fitness,P1676,255,213,128.29,1,0,293,244
11/8/2024,Store_B,Sports,Food,P1677,442,693,131.32,1,0,437,149
11/9/2024,Store_D,Grocery,Furniture,P1678,104,1391,139.32,0,0,94,56
11/10/2024,Store_D,Grocery,Fitness,P1679,418,1314,51.5,1,1,443,263
11/11/2024,Store_A,Grocery,Fashion,P1680,465,1020,193.48,0,1,528,60
11/12/2024,Store_E,Home,Fitness,P1681,257,342,46.28,0,0,302,59
11/13/2024,Store_A,Home,Fitness,P1682,426,389,100.33,0,0,473,83
11/14/2024,Store_C,Grocery,Furniture,P1683,57,452,128.37,0,0,65,77
11/15/2024,Store_E,Electronics,Food,P1684,108,1118,121.02,0,1,108,263
11/16/2024,Store_A,Sports,Fitness,P1685,427,1489,83.39,0,1,491,253
11/17/2024,Store_C,Grocery,Food,P1686,159,193,120.65,1,0,179,93
11/18/2024,Store_D,Electronics,Fitness,P1687,406,857,112.91,0,0,377,266
11/19/2024,Store_B,Grocery,Furniture,P1688,373,1354,78.35,0,0,336,287
11/20/2024,Store_C,Home,Furniture,P1689,95,1434,120.78,0,0,89,119
11/21/2024,Store_B,Sports,Food,P1690,317,1022,85.35,0,1,343,72
11/22/2024,Store_A,Sports,Tech,P1691,371,716,72.83,0,0,443,300
11/23/2024,Store_E,Sports,Tech,P1692,98,1367,75.57,1,0,96,99
11/24/2024,Store_D,Home,Tech,P1693,107,405,138.62,0,0,98,143
11/25/2024,Store_C,Sports,Furniture,P1694,195,529,89.76,0,0,218,286
11/26/2024,Store_A,Home,Fitness,P1695,325,460,35.82,0,0,379,234
11/27/2024,Store_D,Electronics,Fashion,P1696,277,1313,118.05,0,0,276,75
11/28/2024,Store_D,Electronics,Food,P1697,171,944,174.63,1,1,156,161
11/29/2024,Store_D,Electronics,Furniture,P1698,124,542,185.94,1,0,128,99
11/30/2024,Store_B,Clothing,Tech,P1699,373,834,195.23,0,0,367,78
12/1/2024,Store_B,Clothing,Tech,P1700,486,1053,94.42,1,0,552,213
12/2/2024,Store_E,Electronics,Food,P1701,363,448,117.73,1,1,420,105
12/3/2024,Store_C,Grocery,Furniture,P1702,352,1069,168.21,0,0,351,198
12/4/2024,Store_E,Grocery,Furniture,P1703,163,1311,189.52,0,0,195,237
12/5/2024,Store_E,Home,Furniture,P1704,443,1132,11.56,0,1,464,71
12/6/2024,Store_D,Electronics,Tech,P1705,335,125,140.17,1,1,325,73
12/7/2024,Store_B,Home,Fitness,P1706,58,1082,135.46,0,1,60,85
12/8/2024,Store_C,Home,Food,P1707,497,930,41.06,0,1,580,135
12/9/2024,Store_C,Sports,Fitness,P1708,321,166,62.84,0,0,348,135
12/10/2024,Store_C,Grocery,Food,P1709,426,212,105.37,1,1,442,60
12/11/2024,Store_E,Grocery,Fitness,P1710,237,850,39.18,0,0,283,111
12/12/2024,Store_E,Electronics,Tech,P1711,326,332,131.56,1,1,381,178
12/13/2024,Store_A,Clothing,Fashion,P1712,398,966,59.04,1,1,418,262
12/14/2024,Store_E,Clothing,Furniture,P1713,112,1062,143.42,1,0,107,276
12/15/2024,Store_B,Clothing,Food,P1714,284,278,20.63,0,0,279,228
12/16/2024,Store_B,Sports,Food,P1715,125,1116,34.35,1,1,148,188
12/17/2024,Store_D,Grocery,Fashion,P1716,117,1070,72.61,0,0,106,255
12/18/2024,Store_D,Sports,Fashion,P1717,168,1164,130.71,1,1,181,228
12/19/2024,Store_C,Sports,Tech,P1718,321,1223,91.82,1,0,364,108
12/20/2024,Store_A,Electronics,Fashion,P1719,297,861,194.29,1,1,352,208
12/21/2024,Store_B,Electronics,Tech,P1720,132,1196,60.62,0,0,120,131
12/22/2024,Store_C,Electronics,Tech,P1721,344,359,90.97,0,1,410,87
12/23/2024,Store_B,Sports,Fashion,P1722,240,1018,110.27,0,0,245,177
12/24/2024,Store_C,Electronics,Food,P1723,443,397,189.82,1,1,461,124
12/25/2024,Store_E,Home,Fashion,P1724,436,1274,135.04,0,1,510,85
12/26/2024,Store_A,Home,Fitness,P1725,397,1228,27.79,0,1,399,133
12/27/2024,Store_E,Sports,Tech,P1726,78,1345,130.06,1,0,70,187
12/28/2024,Store_A,Sports,Furniture,P1727,484,1012,137.03,0,1,481,204
12/29/2024,Store_C,Home,Tech,P1728,311,214,182.15,1,1,315,53
12/30/2024,Store_D,Sports,Food,P1729,195,806,73.51,0,1,218,156
12/31/2024,Store_D,Home,Tech,P1730,461,1006,61.28,0,0,443,171
1/1/2025,Store_A,Sports,Furniture,P1731,494,1175,197.39,0,0,505,284
1/2/2025,Store_D,Sports,Tech,P1732,189,948,39.1,0,0,217,124
1/3/2025,Store_C,Sports,Fashion,P1733,333,1104,13.24,1,1,322,252
1/4/2025,Store_D,Grocery,Fashion,P1734,51,415,56.22,1,0,53,226
1/5/2025,Store_C,Home,Food,P1735,380,601,10.55,1,1,406,272
1/6/2025,Store_A,Clothing,Fitness,P1736,182,1386,138.75,0,1,172,64
1/7/2025,Store_B,Clothing,Tech,P1737,124,754,94.9,0,1,125,212
1/8/2025,Store_E,Grocery,Fitness,P1738,232,199,61.52,0,0,262,203
1/9/2025,Store_C,Clothing,Fashion,P1739,435,442,111.02,1,0,461,140
1/10/2025,Store_E,Clothing,Fashion,P1740,471,394,7.52,1,1,471,283
1/11/2025,Store_E,Electronics,Tech,P1741,133,309,47.49,0,1,138,69
1/12/2025,Store_D,Clothing,Fashion,P1742,109,368,185.06,1,0,124,277
1/13/2025,Store_C,Electronics,Fashion,P1743,355,1171,153.9,0,0,343,269
1/14/2025,Store_C,Electronics,Tech,P1744,405,391,139.17,0,0,416,245
1/15/2025,Store_D,Home,Food,P1745,451,328,20.16,0,0,410,218
1/16/2025,Store_A,Clothing,Food,P1746,312,1314,16.56,0,1,343,243
1/17/2025,Store_B,Sports,Tech,P1747,99,353,184.42,0,1,89,87
1/18/2025,Store_C,Clothing,Tech,P1748,483,668,190.01,0,0,449,198
1/19/2025,Store_B,Clothing,Tech,P1749,440,128,108.12,0,0,517,285
1/20/2025,Store_E,Electronics,Furniture,P1750,308,1072,76.46,0,0,354,147
1/21/2025,Store_D,Grocery,Fashion,P1751,267,538,105.28,0,1,249,84
1/22/2025,Store_E,Grocery,Food,P1752,303,839,142.42,1,1,283,122
1/23/2025,Store_D,Electronics,Fitness,P1753,283,1329,148.55,1,1,338,159
1/24/2025,Store_D,Clothing,Tech,P1754,146,242,179.48,0,1,160,151
1/25/2025,Store_A,Grocery,Tech,P1755,274,1170,133.42,1,1,303,300
1/26/2025,Store_B,Clothing,Tech,P1756,102,445,17.62,1,0,98,158
1/27/2025,Store_E,Sports,Fashion,P1757,421,1122,59.31,1,1,438,204
1/28/2025,Store_B,Home,Food,P1758,257,1092,104.73,0,1,269,109
1/29/2025,Store_A,Grocery,Furniture,P1759,371,375,10.8,0,0,376,223
1/30/2025,Store_E,Grocery,Food,P1760,217,412,64.04,1,1,208,219
1/31/2025,Store_E,Clothing,Fitness,P1761,304,1104,103.43,0,0,363,275
2/1/2025,Store_D,Home,Furniture,P1762,110,885,92.77,0,0,104,218
2/2/2025,Store_B,Home,Furniture,P1763,490,720,177.52,0,1,546,174
2/3/2025,Store_D,Sports,Fitness,P1764,441,324,115.93,1,1,471,90
2/4/2025,Store_D,Sports,Furniture,P1765,309,214,81.32,1,1,307,57
2/5/2025,Store_C,Clothing,Fitness,P1766,352,192,30,0,1,356,159
2/6/2025,Store_A,Electronics,Tech,P1767,226,831,85.33,0,1,243,283
2/7/2025,Store_A,Clothing,Tech,P1768,402,234,174.44,0,1,366,218
2/8/2025,Store_D,Clothing,Food,P1769,492,965,115.77,1,0,588,146
2/9/2025,Store_A,Home,Food,P1770,342,899,67.87,0,1,358,257
2/10/2025,Store_E,Clothing,Fashion,P1771,441,1466,71.21,1,0,462,266
2/11/2025,Store_E,Electronics,Fashion,P1772,453,254,168.87,1,0,448,196
2/12/2025,Store_A,Sports,Food,P1773,255,562,126.79,1,1,234,255
2/13/2025,Store_C,Grocery,Fashion,P1774,321,1073,88.29,1,1,352,130
2/14/2025,Store_E,Sports,Furniture,P1775,152,948,83.45,0,0,165,182
2/15/2025,Store_B,Home,Fashion,P1776,491,482,117.48,1,0,518,143
2/16/2025,Store_C,Home,Furniture,P1777,286,402,51.87,1,0,311,266
2/17/2025,Store_B,Clothing,Fitness,P1778,261,646,165.62,0,1,253,88
2/18/2025,Store_C,Home,Furniture,P1779,148,156,52.89,1,1,161,59
2/19/2025,Store_A,Clothing,Fashion,P1780,153,426,58.18,0,0,181,174
2/20/2025,Store_A,Clothing,Fitness,P1781,450,140,15.79,1,0,526,154
2/21/2025,Store_A,Home,Tech,P1782,236,1475,133.2,0,0,252,178
2/22/2025,Store_E,Sports,Fashion,P1783,111,1168,134.52,1,0,107,81
2/23/2025,Store_E,Home,Tech,P1784,445,741,69.21,1,0,419,94
2/24/2025,Store_C,Sports,Food,P1785,159,662,90.7,1,1,176,78
2/25/2025,Store_B,Clothing,Tech,P1786,212,1217,87.64,1,1,236,260
2/26/2025,Store_E,Grocery,Food,P1787,207,143,130.85,0,1,220,129
2/27/2025,Store_A,Sports,Tech,P1788,377,843,181.12,1,1,340,295
2/28/2025,Store_B,Clothing,Tech,P1789,251,623,63.67,0,1,273,275
3/1/2025,Store_A,Clothing,Food,P1790,465,1419,84.23,1,1,521,287
3/2/2025,Store_A,Electronics,Fashion,P1791,480,781,144.89,0,1,492,236
3/3/2025,Store_D,Grocery,Food,P1792,466,1221,148.87,0,1,529,84
3/4/2025,Store_C,Clothing,Fitness,P1793,51,920,44.01,0,0,48,182
3/5/2025,Store_E,Home,Fashion,P1794,415,1429,153.82,1,1,482,84
3/6/2025,Store_C,Clothing,Tech,P1795,183,455,139.06,0,1,184,150
3/7/2025,Store_E,Electronics,Food,P1796,498,872,189.23,0,0,583,299
3/8/2025,Store_B,Grocery,Furniture,P1797,286,506,56.05,1,1,270,295
3/9/2025,Store_A,Grocery,Fitness,P1798,238,448,189.71,1,1,273,176
3/10/2025,Store_B,Clothing,Fashion,P1799,110,559,144.14,1,1,103,269
3/11/2025,Store_C,Electronics,Furniture,P1800,155,1328,47.04,0,1,176,57
3/12/2025,Store_D,Electronics,Fashion,P1801,198,636,50.92,1,0,178,84
3/13/2025,Store_D,Electronics,Furniture,P1802,496,762,195.01,1,1,457,192
3/14/2025,Store_B,Home,Fashion,P1803,80,206,69.91,0,0,78,208
3/15/2025,Store_C,Electronics,Fitness,P1804,245,719,195.62,0,0,239,178
3/16/2025,Store_B,Grocery,Fashion,P1805,302,794,176.19,1,0,295,130
3/17/2025,Store_C,Clothing,Furniture,P1806,72,361,102.35,1,1,78,244
3/18/2025,Store_B,Clothing,Furniture,P1807,185,1158,66.04,0,1,169,88
3/19/2025,Store_D,Clothing,Tech,P1808,77,570,40.71,1,1,71,279
3/20/2025,Store_E,Home,Furniture,P1809,303,183,91.1,1,0,349,271
3/21/2025,Store_B,Clothing,Tech,P1810,125,353,73.17,0,1,133,219
3/22/2025,Store_A,Sports,Fitness,P1811,349,534,118.79,0,1,410,113
3/23/2025,Store_C,Grocery,Fashion,P1812,443,1120,137,0,1,448,287
3/24/2025,Store_A,Home,Furniture,P1813,104,762,34.99,1,1,112,51
3/25/2025,Store_D,Clothing,Fitness,P1814,218,189,132.95,0,0,252,255
3/26/2025,Store_A,Grocery,Fitness,P1815,379,679,68.02,1,0,386,95
3/27/2025,Store_B,Electronics,Furniture,P1816,172,916,22.39,1,1,188,294
3/28/2025,Store_D,Home,Fashion,P1817,384,415,28.52,0,1,422,263
3/29/2025,Store_D,Home,Furniture,P1818,238,1149,43.97,1,1,220,158
3/30/2025,Store_D,Home,Food,P1819,465,854,124.7,0,1,554,223
3/31/2025,Store_B,Home,Fitness,P1820,164,1426,138.82,0,1,170,70
4/1/2025,Store_B,Clothing,Tech,P1821,460,1078,63.58,1,1,492,191
4/2/2025,Store_E,Home,Furniture,P1822,89,192,105.12,0,1,97,195
4/3/2025,Store_E,Grocery,Fitness,P1823,466,618,74.31,0,0,522,168
4/4/2025,Store_A,Grocery,Furniture,P1824,141,473,169.37,1,1,151,166
4/5/2025,Store_C,Clothing,Tech,P1825,437,1472,92.74,0,0,403,204
4/6/2025,Store_E,Grocery,Food,P1826,182,1479,25.73,1,0,164,217
4/7/2025,Store_E,Home,Fashion,P1827,294,1042,139.9,1,1,335,72
4/8/2025,Store_A,Grocery,Tech,P1828,114,376,7.71,0,0,119,87
4/9/2025,Store_E,Electronics,Food,P1829,382,595,89.98,1,1,360,158
4/10/2025,Store_B,Home,Furniture,P1830,61,338,37.39,1,0,70,199
4/11/2025,Store_D,Grocery,Fashion,P1831,174,512,62.49,0,0,189,232
4/12/2025,Store_E,Sports,Fitness,P1832,271,951,170.48,1,0,283,174
4/13/2025,Store_D,Electronics,Food,P1833,312,1310,146.3,0,1,334,191
4/14/2025,Store_D,Home,Food,P1834,82,648,179.11,1,1,84,161
4/15/2025,Store_B,Home,Fashion,P1835,60,430,61.16,1,0,63,200
4/16/2025,Store_D,Electronics,Fashion,P1836,400,794,184.74,1,1,459,222
4/17/2025,Store_B,Sports,Tech,P1837,384,837,160.21,1,0,422,83
4/18/2025,Store_D,Grocery,Furniture,P1838,138,508,35.48,1,1,133,192
4/19/2025,Store_C,Clothing,Tech,P1839,74,137,74.96,0,0,84,136
4/20/2025,Store_A,Sports,Tech,P1840,270,333,125.42,1,1,323,250
4/21/2025,Store_E,Clothing,Tech,P1841,231,195,155.17,0,0,272,162
4/22/2025,Store_A,Grocery,Fitness,P1842,459,1036,192.72,0,0,482,92
4/23/2025,Store_C,Electronics,Fashion,P1843,372,341,174.82,1,1,416,75
4/24/2025,Store_B,Grocery,Tech,P1844,128,1425,75.93,1,1,144,51
4/25/2025,Store_E,Electronics,Food,P1845,175,1070,71.56,1,1,195,156
4/26/2025,Store_B,Sports,Furniture,P1846,234,1389,134.67,0,0,266,155
4/27/2025,Store_E,Clothing,Food,P1847,259,1039,190.61,1,0,292,233
4/28/2025,Store_A,Clothing,Fashion,P1848,462,1159,189.01,1,0,475,150
4/29/2025,Store_B,Sports,Food,P1849,438,175,133.73,1,1,447,224
4/30/2025,Store_C,Clothing,Food,P1850,408,1233,175.34,1,0,452,164
5/1/2025,Store_E,Sports,Furniture,P1851,379,520,178.08,1,1,429,275
5/2/2025,Store_C,Home,Tech,P1852,204,272,12.21,1,0,189,191
5/3/2025,Store_B,Grocery,Food,P1853,209,1167,71.44,1,0,240,127
5/4/2025,Store_A,Grocery,Fashion,P1854,421,965,197.46,1,1,394,243
5/5/2025,Store_E,Grocery,Furniture,P1855,383,355,92.5,1,0,437,198
5/6/2025,Store_E,Electronics,Fashion,P1856,339,1385,134.78,1,1,372,258
5/7/2025,Store_D,Sports,Tech,P1857,416,1273,136.12,0,1,438,99
5/8/2025,Store_B,Home,Furniture,P1858,471,839,93.59,0,0,432,277
5/9/2025,Store_A,Clothing,Fitness,P1859,116,1075,46.88,1,1,134,199
5/10/2025,Store_D,Home,Furniture,P1860,305,1403,87.57,0,0,320,174
5/11/2025,Store_E,Sports,Food,P1861,414,1037,30.23,0,1,431,241
5/12/2025,Store_A,Sports,Furniture,P1862,130,1244,77.02,0,0,131,124
5/13/2025,Store_C,Clothing,Fashion,P1863,70,1170,34.89,1,1,73,252
5/14/2025,Store_D,Grocery,Fashion,P1864,123,391,157.84,1,0,117,239
5/15/2025,Store_C,Grocery,Food,P1865,300,104,28.85,1,1,321,194
5/16/2025,Store_D,Sports,Tech,P1866,281,791,157.36,0,1,317,220
5/17/2025,Store_C,Grocery,Fitness,P1867,279,405,173.94,1,1,270,151
5/18/2025,Store_D,Clothing,Food,P1868,223,1207,13.93,0,0,238,253
5/19/2025,Store_A,Sports,Food,P1869,445,732,114.4,0,0,528,183
5/20/2025,Store_A,Grocery,Fitness,P1870,146,1074,103.01,0,0,143,102
5/21/2025,Store_E,Sports,Fashion,P1871,175,1286,91.62,1,0,183,289
5/22/2025,Store_D,Grocery,Fitness,P1872,61,796,90.22,1,1,59,79
5/23/2025,Store_B,Electronics,Fashion,P1873,100,1209,37.79,0,0,99,154
5/24/2025,Store_C,Electronics,Food,P1874,397,446,16.49,0,1,403,131
5/25/2025,Store_C,Home,Food,P1875,122,945,179.14,0,0,118,202
5/26/2025,Store_E,Home,Food,P1876,350,584,101.13,1,0,348,191
5/27/2025,Store_D,Electronics,Food,P1877,258,234,99.41,1,0,251,192
5/28/2025,Store_D,Home,Food,P1878,383,357,64.4,0,0,387,93
5/29/2025,Store_D,Sports,Furniture,P1879,450,602,109.82,0,0,514,296
5/30/2025,Store_B,Grocery,Food,P1880,474,1371,61.4,1,1,511,264
5/31/2025,Store_B,Sports,Fitness,P1881,398,878,199.85,1,0,377,186
6/1/2025,Store_D,Grocery,Tech,P1882,338,243,63.62,1,1,325,179
6/2/2025,Store_C,Clothing,Furniture,P1883,460,751,177.37,1,0,505,132
6/3/2025,Store_E,Clothing,Food,P1884,224,531,94.66,0,0,242,51
6/4/2025,Store_E,Home,Furniture,P1885,54,1477,38.84,0,0,57,278
6/5/2025,Store_A,Clothing,Furniture,P1886,476,1475,91.81,1,1,453,246
6/6/2025,Store_C,Electronics,Furniture,P1887,465,117,29.33,0,0,522,244
6/7/2025,Store_C,Electronics,Food,P1888,193,1493,184.67,1,0,187,176
6/8/2025,Store_E,Electronics,Food,P1889,235,175,59.75,0,1,219,121
6/9/2025,Store_E,Electronics,Fitness,P1890,341,1124,101.33,0,0,367,240
6/10/2025,Store_E,Electronics,Fitness,P1891,83,360,55.63,1,0,95,55
6/11/2025,Store_C,Sports,Furniture,P1892,404,1488,108.92,0,1,441,291
6/12/2025,Store_C,Home,Furniture,P1893,382,206,171.5,1,0,421,169
6/13/2025,Store_A,Electronics,Food,P1894,303,840,105.87,1,1,321,130
6/14/2025,Store_A,Sports,Food,P1895,52,902,42.95,0,1,61,284
6/15/2025,Store_C,Grocery,Food,P1896,177,503,37.07,0,1,182,56
6/16/2025,Store_C,Electronics,Food,P1897,353,1382,187.34,1,0,419,263
6/17/2025,Store_B,Grocery,Fitness,P1898,77,783,106.34,1,0,83,198
6/18/2025,Store_A,Home,Fashion,P1899,113,275,195.03,0,0,103,255
6/19/2025,Store_D,Grocery,Food,P1900,276,212,63.79,0,0,272,147
6/20/2025,Store_D,Electronics,Fitness,P1901,255,296,125.37,0,1,258,253
6/21/2025,Store_C,Grocery,Furniture,P1902,269,1370,125.75,1,0,250,53
6/22/2025,Store_B,Sports,Tech,P1903,354,238,120.61,1,1,363,235
6/23/2025,Store_B,Grocery,Food,P1904,367,1010,41.26,0,1,394,181
6/24/2025,Store_E,Electronics,Tech,P1905,383,832,65.68,1,1,414,124
6/25/2025,Store_B,Grocery,Tech,P1906,238,116,105.95,0,1,238,299
6/26/2025,Store_A,Clothing,Tech,P1907,152,1411,182.16,1,1,164,134
6/27/2025,Store_C,Sports,Fashion,P1908,486,1284,115.39,1,1,461,166
6/28/2025,Store_A,Electronics,Tech,P1909,498,186,101.71,1,0,483,238
6/29/2025,Store_D,Electronics,Furniture,P1910,443,778,162.42,0,0,446,68
6/30/2025,Store_B,Clothing,Furniture,P1911,233,161,113.16,0,1,212,57
7/1/2025,Store_B,Clothing,Tech,P1912,151,505,60.4,1,0,143,55
7/2/2025,Store_A,Electronics,Furniture,P1913,140,636,182.58,0,1,165,128
7/3/2025,Store_C,Electronics,Fitness,P1914,283,591,77.08,1,0,264,275
7/4/2025,Store_D,Clothing,Fashion,P1915,116,488,42.38,1,0,136,245
7/5/2025,Store_E,Clothing,Tech,P1916,365,1302,41.87,1,0,334,253
7/6/2025,Store_E,Home,Tech,P1917,193,358,171.04,0,1,219,207
7/7/2025,Store_E,Clothing,Furniture,P1918,83,442,104.18,1,0,82,145
7/8/2025,Store_D,Home,Fashion,P1919,319,1089,144.55,1,0,306,279
7/9/2025,Store_D,Electronics,Fashion,P1920,153,1025,173.32,1,1,163,289
7/10/2025,Store_A,Electronics,Food,P1921,481,866,54.63,1,1,507,108
7/11/2025,Store_E,Clothing,Furniture,P1922,348,184,95.72,1,1,358,144
7/12/2025,Store_D,Grocery,Tech,P1923,461,1118,66.82,1,0,451,69
7/13/2025,Store_E,Sports,Fitness,P1924,233,268,62.43,0,1,274,75
7/14/2025,Store_E,Electronics,Fashion,P1925,110,246,75.25,0,1,107,240
7/15/2025,Store_B,Sports,Tech,P1926,467,1499,169.86,1,0,528,122
7/16/2025,Store_D,Home,Fitness,P1927,471,809,157.71,0,1,516,244
7/17/2025,Store_B,Home,Tech,P1928,126,914,49.38,1,1,126,71
7/18/2025,Store_D,Electronics,Furniture,P1929,210,484,88.61,1,0,212,197
7/19/2025,Store_A,Home,Fashion,P1930,497,362,64.59,1,0,509,225
7/20/2025,Store_E,Clothing,Fashion,P1931,435,926,153.75,0,0,511,89
7/21/2025,Store_E,Sports,Fitness,P1932,219,1263,127.82,1,1,210,150
7/22/2025,Store_D,Grocery,Fashion,P1933,82,1194,80.35,1,1,76,76
7/23/2025,Store_E,Home,Food,P1934,395,1232,39.64,0,0,363,296
7/24/2025,Store_C,Sports,Food,P1935,247,681,45.15,1,0,249,52
7/25/2025,Store_D,Home,Tech,P1936,137,769,172.64,0,0,145,172
7/26/2025,Store_B,Electronics,Tech,P1937,430,240,80.85,1,1,492,220
7/27/2025,Store_C,Sports,Tech,P1938,293,425,122.72,1,1,281,86
7/28/2025,Store_E,Electronics,Fitness,P1939,278,231,165.79,1,1,288,197
7/29/2025,Store_D,Clothing,Fashion,P1940,70,286,61.14,1,0,71,95
7/30/2025,Store_B,Sports,Food,P1941,366,984,94.28,1,0,355,272
7/31/2025,Store_E,Clothing,Food,P1942,130,660,177.1,0,1,133,245
8/1/2025,Store_A,Grocery,Fitness,P1943,333,348,199.09,1,1,344,114
8/2/2025,Store_A,Grocery,Furniture,P1944,156,1136,13.7,1,1,175,269
8/3/2025,Store_C,Grocery,Tech,P1945,149,912,12.37,1,1,155,67
8/4/2025,Store_D,Electronics,Furniture,P1946,92,1223,133.12,1,0,87,54
8/5/2025,Store_A,Sports,Furniture,P1947,360,305,39.56,0,0,396,52
8/6/2025,Store_C,Electronics,Tech,P1948,396,659,34.93,0,0,408,62
8/7/2025,Store_A,Home,Fashion,P1949,478,1400,163.24,1,0,515,62
8/8/2025,Store_B,Clothing,Tech,P1950,445,872,154.59,0,0,402,57
8/9/2025,Store_A,Electronics,Food,P1951,57,790,165,0,0,52,181
8/10/2025,Store_B,Sports,Tech,P1952,105,769,67.92,1,1,98,104
8/11/2025,Store_A,Home,Fashion,P1953,104,830,68.06,0,1,100,106
8/12/2025,Store_E,Clothing,Food,P1954,83,1447,163.94,0,0,84,246
8/13/2025,Store_A,Sports,Fitness,P1955,356,1123,196.7,0,1,422,203
8/14/2025,Store_B,Clothing,Tech,P1956,216,1392,140.78,1,1,198,54
8/15/2025,Store_E,Electronics,Fitness,P1957,361,1298,92.54,0,0,327,244
8/16/2025,Store_D,Electronics,Fitness,P1958,113,732,51.1,0,0,106,177
8/17/2025,Store_B,Grocery,Tech,P1959,201,513,34.58,1,1,188,131
8/18/2025,Store_D,Clothing,Food,P1960,379,181,106.57,0,1,380,102
8/19/2025,Store_B,Electronics,Fitness,P1961,326,210,181.79,1,1,311,211
8/20/2025,Store_A,Electronics,Food,P1962,53,232,174.62,0,0,49,94
8/21/2025,Store_B,Electronics,Fitness,P1963,353,1224,167.09,0,1,394,129
8/22/2025,Store_B,Sports,Tech,P1964,134,504,52.76,1,1,143,297
8/23/2025,Store_D,Grocery,Fashion,P1965,375,512,58.01,1,1,356,162
8/24/2025,Store_D,Electronics,Furniture,P1966,266,1134,123.83,0,1,273,71
8/25/2025,Store_B,Sports,Tech,P1967,438,714,121.06,1,1,455,166
8/26/2025,Store_D,Grocery,Fashion,P1968,195,868,114.62,0,1,186,284
8/27/2025,Store_E,Clothing,Furniture,P1969,147,108,7.5,1,1,173,298
8/28/2025,Store_C,Sports,Food,P1970,430,864,79.89,1,0,515,81
8/29/2025,Store_D,Clothing,Fashion,P1971,247,1258,36.66,1,1,273,216
8/30/2025,Store_B,Home,Food,P1972,247,968,148.45,1,0,273,215
8/31/2025,Store_B,Clothing,Tech,P1973,125,635,123.06,0,0,116,73
9/1/2025,Store_E,Grocery,Fitness,P1974,379,887,82.55,0,1,359,159
9/2/2025,Store_E,Home,Fitness,P1975,179,718,102.63,1,1,201,286
9/3/2025,Store_E,Clothing,Tech,P1976,422,282,26.31,1,0,497,151
9/4/2025,Store_B,Home,Food,P1977,407,730,6.25,0,0,460,156
9/5/2025,Store_D,Electronics,Tech,P1978,318,953,132.63,1,0,353,100
9/6/2025,Store_A,Home,Fitness,P1979,299,472,103.01,0,0,287,241
9/7/2025,Store_D,Home,Fitness,P1980,143,492,55.57,0,0,132,71
9/8/2025,Store_C,Grocery,Fitness,P1981,243,355,58.97,0,1,254,244
9/9/2025,Store_A,Sports,Food,P1982,101,119,16.91,0,0,106,51
9/10/2025,Store_C,Home,Furniture,P1983,242,1334,106.41,1,1,242,224
9/11/2025,Store_C,Home,Furniture,P1984,225,745,164.29,0,1,261,256
9/12/2025,Store_D,Electronics,Food,P1985,101,106,94.1,0,1,119,242
9/13/2025,Store_E,Home,Fitness,P1986,467,609,76.84,1,0,420,213
9/14/2025,Store_C,Grocery,Fashion,P1987,466,759,8.24,1,0,504,152
9/15/2025,Store_C,Home,Furniture,P1988,428,1354,159.82,0,1,422,99
9/16/2025,Store_E,Sports,Food,P1989,414,393,174.62,0,1,471,127
9/17/2025,Store_D,Electronics,Furniture,P1990,476,1478,199.28,0,1,523,111
9/18/2025,Store_A,Grocery,Furniture,P1991,174,533,38.23,0,0,205,133
9/19/2025,Store_C,Home,Food,P1992,246,674,47.97,0,1,228,227
9/20/2025,Store_E,Grocery,Fashion,P1993,220,558,186.7,1,1,241,250
9/21/2025,Store_B,Clothing,Food,P1994,337,994,162.65,1,0,314,137
9/22/2025,Store_A,Sports,Fashion,P1995,429,1312,187.76,0,1,508,197
9/23/2025,Store_E,Sports,Tech,P1996,427,103,65.61,1,1,425,143
9/24/2025,Store_B,Sports,Fitness,P1997,458,1491,187.12,0,0,466,187
9/25/2025,Store_C,Electronics,Furniture,P1998,486,1043,66.61,1,0,525,87
9/26/2025,Store_A,Sports,Fashion,P1999,432,1462,170.58,1,0,424,267
